text,creator,likes,reposts,responses,links,images,tags,label
"You can support us through the addresses in my profile or the options below:
ğŸ”¹ PayPal: paypal.com/ncp/payment/...  
ğŸ”¹ Bitcoin (BTC): bc1qwl340wcrztrj7jyy7h005xsg9svw6ac6qg3k2l 
ğŸ”¹ Ethereum (ETH): 0x5dDbb796997ec2CB76343f17be0438d6134B6e4C 
ğŸ”¹ Solana (SOL): H6bVUejt8p5Sbh81bX5gAhfgcuzFwFXAUuiYTP23BYod",descigive.bsky.social,0,0,0,https://paypal.com/ncp/payment/QJ6K5P8GCNEX8,https://cdn.bsky.app/img/feed_fullsize/plain/did:plc:zh3iokbpneou673mj3f2jjo5/bafkreih6nmp2nf76naajln64rkdstsqdiexkmkjrhu7ohl4ehkvllgse4i@jpeg,,normal
"It's like his #tariff and #trade war stuff. In Trump's mind, he can ""win"" a trade war. In Trump's mind and the imagination of his #tech sector fans, the United States can make #crypto and #Bitcoin (or #Ethereum or whatever else) legit and the official #currency. But he can't _really_ do it.

~Chara",pnictogen-wing.bsky.social,1,0,1,,,,normal
"Need a Crypto Website or DApp? Hire a Pro Developer for ICO, Staking & Swapping Solutions!

âœ… Click to meet your freelancer expert

go.fiverr.com/visit/?bta=2...

#Crypto #Blockchain #Web3 #DeFi #NFT #Bitcoin #Ethereum #Cryptocurrency #Token #ICO",progressone.bsky.social,2,0,0,https://go.fiverr.com/visit/?bta=221760&brand=fiverrmarketplace&landingPage=https%253A%252F%252Fwww.fiverr.com%252Fnomanhaq_73%252Fcreate-crypto-website-coin-or-token-website-meme-website,,,normal
"Bitcoin soars past $93K, igniting a crypto rally! Are you ready to invest in Ethereum, Dogecoin, or XRP? ğŸš€ #Cryptocurrency

https://www.financemagnates.com/trending/bitcoin-price-hits-two-month-high-ethereum-dogecoin-xrp-and-other-cryptos-skyrocket/",bitcoinlatest.bsky.social,0,0,0,https://www.financemagnates.com/trending/bitcoin-price-hits-two-month-high-ethereum-dogecoin-xrp-and-other-cryptos-skyrocket/,,,normal
"Sending out my warriors to claim my lands

We will show no mercy

You can join us or get slaughtered ğŸ¸ $fefe #crypto #bitcoin #ethereum #altcoins",fefecoinerc.com,3,0,0,,https://cdn.bsky.app/img/feed_fullsize/plain/did:plc:z3zb4xfn5xyc2tmq6hheedh2/bafkreiac5tqo5wnmwdmnyfckfegdgghgml575r7h4wwqxsdhqzo5i6tuee@jpeg,,normal
"If youâ€™re really asking: sellers predominantly accept crypto (bitcoin, ethereum) so if you are going DIY you either get a crypto wallet or you donâ€™t go.",valondar.bsky.social,0,0,1,,,,normal
Anyone know of the nearest thing to a #Crypto ETF or token that invests in the largest stable coins and currencies? Not just talking Bitcoin or ethereum,thegaintrain.bsky.social,1,0,1,,,,normal
"ğŸ’¥ Bitcoin vs Ethereum: Which crypto titan truly aligns with your goals? ğŸ’¡ Whether you're in it for security, smart contracts, or long-term value, this breakdown clears the fog. Make the right choice. #CryptoClarity

medium.com/e-t/bitcoin-...",cheinyeanlim.bsky.social,0,0,0,https://medium.com/e-t/bitcoin-vs-ethereum-which-crypto-giant-fits-your-goals-ede164f1ae1d,,,normal
"Imagine cruising through Puerto Rico, exploring Old San Juan, and munching on mofongoâ€”all while paying with Bitcoin or Ethereum. ğŸŒ´ğŸ’¸ 

More spots are going crypto-friendly, from cool shops to local restaurants serving up the best island flavors. âœ¨ 

Ready to make it happen? ğŸš¢",vacationgenie.bsky.social,0,0,0,,https://cdn.bsky.app/img/feed_fullsize/plain/did:plc:m3q4i6ghfu7seuuvc7xd36kz/bafkreia4ybu4dsl5lbg2d2vmxtva3sluj2qqudyvwvn3nlvrdcoozplkhi@jpeg,,normal
"I don't know how many of you are in Ethereum or not.

How are you guys feeling about it lately?

#bluesky #bitcoin #btc #crypto",hodlandholdon.bsky.social,0,0,0,,,,normal
"what an insane job description. don't write ""locked in"" and ""absolutely cracked"" on it",freyja-lynx.dev,8,0,0,,https://cdn.bsky.app/img/feed_fullsize/plain/did:plc:gormnems4iydljgsojdyvpvt/bafkreih5djfu5hzjna4ryt2tdoffn4wtke6anfmexfcz2sg3jznqtcicze@jpeg,,normal
"These central bank digital currencies eg digital CAD will be sort of like crypto. But not decentralized like Bitcoin or Ethereum. (Decentralization poses a problem in terms sovereignty. A central bank needs full control). 

Anyway. Letâ€™s see how this all pans out.",fmed.bsky.social,0,0,0,,,,normal
"With tacrypto.pro, you can analyze Bollinger Bands to measure volatility and see if the price enters overbought or oversold regions. Additionally, by using moving averages, you can assess the direction of the trend and potential breakout points.
#bitcoin #ethereum #dogecoin #solana #ripple #crypto",tacrypto.pro,1,0,0,https://tacrypto.pro,,,normal
"The crypto market is all green! Are we back, or is this just another bull trapğŸ¤”? What are your thoughts? 
#Crypto #BullTrap #Bitcoin #Altcoins #CryptoMarket #BTC #Ethereum #Bullrun",thenextbigthing.bsky.social,1,0,0,,https://cdn.bsky.app/img/feed_fullsize/plain/did:plc:pwo77go56ty7472jaxgsf2fl/bafkreichlqphwspucpf5zq5mg23uqpcp2xe4ndqhfhwavxjc3ftiottrwm@jpeg,,normal
"The entire crypto market is getting wrecked. Bitcoin's down by about 10% for the week - below $80,000 for first time in a while. But the biggest drop from the top 20 is Ethereum - down about 24% for the week. (Do you think this is DANGER or a mere buying opportunity?) #Bitcoin #Crypto",cryptoaccismus.bsky.social,6,0,0,,,,normal
Now I don't particularly object to bitcoin or ethereum. They both seem to be trying to meet a real societal demand for crypto assets. But slebs doing memecoins is a straight-up scam and I fulsomely hate it.,simonparker.bsky.social,0,0,0,,,,normal
"BREAKING: $200 MILLION wiped out from crypto in 1 hour!
Bitcoin falls below $80K, Ethereum dips under $1,700.
Is this just a dip or the start of a massive crash?

Watch ğŸ‘‡
youtube.com/shorts/9FdoF...

#Cryptocurrency #Bitcoin #Ethereum",bigbreakingwire.bsky.social,2,0,0,https://youtube.com/shorts/9FdoFMmIFig?si=7n-PAZWiOU_zYoew,,,normal
"""Privacy and anonymity are the most important aspects of electronic cash.""  -Nicolas van Saberhagen

How to Hide the Source and Destination of Your Bitcoin, Ethereum, Or Any Other crypto:

monero.forex/how-to-make-...",moneronews.bsky.social,3,1,0,https://monero.forex/how-to-make-bitcoin-and-other-crypto-anonymous/,https://cdn.bsky.app/img/feed_fullsize/plain/did:plc:eqk75wzyyujg4cei6kuxmzmo/bafkreia6hkkdxohtwnirab74n3hjhejwvezkedcqayl5dljy7mwmxsbgem@jpeg,,normal
"âš¡ Flash News âš¡

ğŸ¦ Fidelity Launches No-Fee Crypto IRA! ğŸš€ğŸ’°

U.S. adults (18+) can now invest in Bitcoin ($BTC), Ethereum ($ETH), and Litecoin ($LTC) through Roth, traditional, or rollover IRAs, all with cold storage custody by @Fidelity. ğŸ”ğŸ“ˆ

#Fidelity #Bitcoin #Ethereum #Litecoin #CryptoNews",cryptoeconomy.bsky.social,1,0,0,,https://cdn.bsky.app/img/feed_fullsize/plain/did:plc:zfgwtgjgwt6h5yoxwlzbt7q4/bafkreicxvocvr2eepkaftr5rify4l3jbftnsf7xatracbh7lym4dexxb4i@jpeg,,normal
"Someone DMed me the above post asking: ""Does crypto not need GPUs too?""

No. GPU mining is dead.

Chains have either switched over to Proof of Stake (e.g. Ethereum), which doesn't need much power, or the mining has gotten so competitive you need purpose-built chips (e.g. Bitcoin).",ens0.me,1,0,0,,,,normal
"ğŸ“‰ $ETH down 40% since #EricTrump recommended buying it... ğŸ˜¬

Coincidence or a classic ""celebrity top""? ğŸ¤”

Will Ethereum bounce back, or is there more pain ahead? 

#Ethereum #CryptoTrading #ETF #Trading #GM #Crypto #BTC #ETH #altseason #Airdrops #Giveaway  #BINANCE #XRP #BITCOIN",trader-fazal.bsky.social,1,0,0,,https://cdn.bsky.app/img/feed_fullsize/plain/did:plc:ud2uj6dk6we7de7vxyd7wqs7/bafkreidw7adaszyccnc4um2glnjmzwx7ak6kescwtxkff3tn5noowqg6yu@jpeg,,normal
"ğŸ¶ğŸ’› Kabosu, the legendary Doge meme icon, leaves a lasting legacy. $CoCoro honors her with a tax-free, community-driven token that blends crypto and social impact. Hype or revolution?
cryptoinsightsnewsletter.com/blog/the-ris...

#CoCoro #Doge #Crypto #Bitcoin #Ethereum #ShibaInu #MemeCoin #Altcoin",cryptonewslttr.bsky.social,1,0,0,https://cryptoinsightsnewsletter.com/blog/the-rise-of-cocoro-celebrating-community-and-culture-in-cryptocurrency/,https://cdn.bsky.app/img/feed_fullsize/plain/did:plc:hjymx4dcdblkyb5dqvatgf5v/bafkreihrpasw6cuomrwsvdro76fjqnvc2elivbvqjseea2cpgxkfejmu2q@jpeg,,normal
"ğŸš¨ WHALE ALERT! ğŸ‹

An #Ethereum ICO participant just woke up after 7 YEARS! ğŸ˜±

Moved 1,700 ETH (3.18M) to #Binance! ğŸ’¸

#Bullish signal or profit-taking? ğŸ¤”

ğŸ’¬ Comment | ğŸ”” Follow us | ğŸš€ Letâ€™s grow!

#WhaleAlert #HODL #ETF #Trading #GM #Crypto #BTC #ETH #altseason #Airdrops #Giveaway #XRP #BITCOIN",trader-fazal.bsky.social,5,4,0,,https://cdn.bsky.app/img/feed_fullsize/plain/did:plc:ud2uj6dk6we7de7vxyd7wqs7/bafkreigry4fa4x4rgemqa7gf5kuchs6tetancbztuefyi7azz2rmsmo34y@jpeg,,normal
"Crypto prices for Bitcoin, Ethereum, and XRP are crashing. Are market conditions or external factors to blame? Share your thoughts! #CryptoCrash

https://www.binance.com/en/square/post/22148601102618",bitcoinlatest.bsky.social,0,0,0,https://www.binance.com/en/square/post/22148601102618,,,normal
"In the crypto world, being 'in the trenches' means actively building, trading, or navigating the ups and downs of the market, especially during tough times. Itâ€™s about staying committed despite volatility. #Crypto #Bitcoin #DeFi #Web3 #Ethereum #Solana",anduwrites.bsky.social,13,2,4,,https://cdn.bsky.app/img/feed_fullsize/plain/did:plc:x2rdatevm6w5ydpikatig64w/bafkreicfsnxrirxcxdtenfgnqyy6yzn6j44inceu5qot257xrypwojos3q@jpeg,,normal
"ğŸ“ŒLong-term outlook (by 2030):
If Ripple capitalizes on payment adoption, XRP could reach $4.20 - $10+.However, the $2.50 mark is crucial for the next breakout or breakdown.

#Crypto #CryptoNews #CryptoMarket #CryptoCommunity #Bitcoin #btc #Ethereum #cryptocurrency #XRPArmy #XRP #XRPCommunity #Ripple",cryptofool.bsky.social,2,0,0,,,,normal
"Stablecoins, Not Bitcoin, Extend US Dollar Hegemony, Chinese Economist Warns

A Chinese economist, Zhang Ming, argues that U.S. dollar-pegged stablecoins, not Bitcoin or Ethereum, are strengthening the U.S. dollarâ€™s global dominance. Dollar-Pegged Stablecoins Bolstering Dollarâ€™s â€¦

#btc #crypto #eth",crypto.at.thenote.app,0,0,0,,,,normal
"And if they have a big enough fortune in Crypto, especially in some of the more obscure memecoins (anything but Bitcoin or Ethereum), they can't sell it quickly without crashing the value of said coin.",martinthemess.bsky.social,5,0,0,,,,normal
"ZetaChain's universal smart contracts simplify multi-chain app development! Build apps that interact with Ethereum, Solana, Bitcoin, and Sui through ONE contract, eliminating the need for bridging or wrapping assets. #ZetaChain #multichain #blockchain

#crypto #news ",cryptonews-poster.bsky.social,1,0,0,,,,normal
"ğŸš¨ BREAKING: 86% of institutional investors are investing in #crypto or planning to by 2025! 

ğŸ”¹#Bitcoin  & #Ethereum remain top picks, while $XRP  (34%) & #Solana (30%) gain traction.

 ğŸ”¹ 80% expect prices to rise, but regulations & security remain key concerns.",cryptostar173.bsky.social,1,0,0,,https://cdn.bsky.app/img/feed_fullsize/plain/did:plc:wcmxg4itgoaomqdjpod72dpm/bafkreibfnji6va6shbnmqlooyzaldxmvx2pwfj25xfaml3h4ejejzrcsrq@jpeg,,normal
NEW: A majority of voters oppose the Trump administrationâ€™s push to create a crypto strategic reserve.,dataforprogress.org,43,14,3,,https://cdn.bsky.app/img/feed_fullsize/plain/did:plc:ltzetlayeqsp4qu7pb4irz24/bafkreieec4engxfgh6iktf4lhbfi5cmwxesd7gwjvirsetcfiwrtldmqjq@jpeg,,normal
"ğŸš¨ JUST IN: Russia ğŸ‡·ğŸ‡º is reportedly using Bitcoin ($BTC), Ethereum ($ETH), and stablecoins for oil trade with China ğŸ‡¨ğŸ‡³ and India ğŸ‡®ğŸ‡³ to bypass sanctions. â›½ğŸ’°
Bullish or nah? ğŸ‘€ğŸ“ˆ
#Crypto #Bitcoin #Ethereum #Russia #OilTrade #Breaking",peoplesworldreport.bsky.social,3,0,0,,,,normal
"I think itâ€™s important to point out that this applies only to a small handful of crypto, such as Bitcoin, Ethereum and Solana.  Most other coins are viewed as too risky or junk and not appropriate more market investing.",cyclepoint.bsky.social,0,0,0,,,,normal
"Crypto ETF Flows â€“ March 12 ğŸ’°ğŸ“Š
ğŸ“ˆ BTC ETFs: +$13.3M ğŸ’ğŸ™Œ (160 BTC added)
ğŸ“‰ ETH ETFs: -$10.3M ğŸ˜± (5,360 ETH sold)

Is this the start of a trend or just a temporary move? ğŸ”„ #Bitcoin #Ethereum #CryptoNews #BTCETF #ETHEtf",coinomedia.bsky.social,0,0,0,,https://cdn.bsky.app/img/feed_fullsize/plain/did:plc:oii4bhian2aqatqftqokec27/bafkreigzga7l6totafqyqfoevetgn4ncxjoxkz3oyx33bqsy2ldf7m65va@jpeg,,normal
"HANetf launches leveraged and inverse crypto ETCs for Bitcoin and Ethereum. Are you ready to take your trading to the next level? #CryptoTrading

https://crypto.news/europes-asset-manager-hanetf-rolls-out-etc-to-double-or-short-bitcoin-and-ethereum/",bitcoinlatest.bsky.social,0,0,0,https://crypto.news/europes-asset-manager-hanetf-rolls-out-etc-to-double-or-short-bitcoin-and-ethereum/,,,normal
"""White-label ETF provider HANetf is offering traders in Europe new ways to speculate on crypto by launching its first leveraged cryptocurrency exchange-traded commodities and a short Bitcoin
.tps://crypto.news/europes-asset-manager-hanetf-rolls-out-etc-to-double-or-short-bitcoin-and-ethereum/",hectormcneil.bsky.social,1,0,0,,,,normal
"ğŸš¨ #CryptoMarket Crash â€“ Bitcoin & Ethereum in Trouble? 

ğŸ“‰ #BTC at $80K, #ETH at 17-month lows!
ğŸ“Š Crypto fund outflows: -$876M
ğŸ’° #MicroStrategy raising $21B to buy BTC
Is this a buy-the-dip opportunity or time to panic?
ğŸ”¥ Drop your thoughts in the comments!

ğŸ”— Discover: financeideas.org/bitcoin-etf/",financeideas.bsky.social,0,0,0,https://financeideas.org/bitcoin-etf/,,,normal
"Bitcoin, Ethereum, Solana, XRP Or Cardano: Readers Rank The Order Of Importance For Trump's Crypto Reserve.
#crypto #followers #Teamwhite",teamwhite.bsky.social,1,1,0,,,,normal
"I'm actually a crypto native. You know those very few leftist ancoms who would defend Bitcoin or Ethereum because decentralized economic transactions are important? Hi, that's me.
Watching a space I had such high hopes for turn into nihilism has been so brutally fkin depressing",ferment.bsky.social,2,0,1,,,,normal
"wait, wouldn't a switch to Crypto require that the global currency be a stable coin like Bitcoin or Ethereum?

What's stopping any attempt at a global Cryptocurrency that isn't one of those two turning into another Pump and Dump scam like the Trump Coin or Ivanka Coin?",blitzkriegomega.bsky.social,0,0,0,,,,normal
"Will Bitcoin Rise Or Fall Again? QCP Questions Trump-Fueled Rally

Bitcoin surged past $95,000 after US President Donald Trump announced the formation of a US Crypto Strategic Reserve, including major cryptocurrencies like Bitcoin, Ethereum, and others. The move sparked speculatiâ€¦

#btc #crypto #eth",crypto.at.thenote.app,1,0,0,,,,normal
"ğŸ“‰ Blood in the streets! #Litecoin tanks 13%, dipping to $99.64â€”its worst drop since March! ğŸš¨ Market cap shrinks to $7.56B as bears tighten their grip. When fear takes over, opportunities arise... ğŸ‘€ Are you buying the dip or running for cover? ğŸƒâ€â™‚ï¸ğŸ’¸ #Crypto #Bitcoin #Ethereum",manishburman.bsky.social,7,0,0,,https://cdn.bsky.app/img/feed_fullsize/plain/did:plc:uhiikufox3pkywkb2ixp7emy/bafkreicwbeux4bclxrpzuvmbgdwbsgi6vqlm7ix6mmbs5pybcxq3nsfmvu@jpeg,,normal
Trump and Dump,jakemgrumbach.bsky.social,38,3,0,,"https://cdn.bsky.app/img/feed_fullsize/plain/did:plc:tb2bwzxom5qv4542ru3zqcgu/bafkreidrzyms4atifi65dljr3gprs255b3xlvia5743swb3l45q4msqpz4@jpeg, https://cdn.bsky.app/img/feed_fullsize/plain/did:plc:tb2bwzxom5qv4542ru3zqcgu/bafkreif7easzap4jxshalmtjtpkoq3t2n5rhgzhh5qldmamdmcg7b3vn3q@jpeg",,normal
"ğŸš¨ Mar 4 Update:

ğŸ”¹ 10 #Bitcoin ETFs

ğŸ“‰ NetFlow: -1,238 #BTC (-$102.85M)

ğŸ”¹ 9 #Ethereum ETFs
ğŸ“‰ NetFlow: -12,221 #ETH (-$25.35M)

Are institutions taking profits or just a temporary dip? ğŸ¤”ğŸ‘‡

#ETFs #MarketUpdate #Markets #Trading #Investing #Finance #Crypto #CRYPTONEWS #altseason #Airdrops #Giveaway",trader-fazal.bsky.social,1,0,0,,https://cdn.bsky.app/img/feed_fullsize/plain/did:plc:ud2uj6dk6we7de7vxyd7wqs7/bafkreieog5plryajsaebygqwdomh5mem4cz6q4fuatyaixj5q6veq4nuni@jpeg,,normal
"The Trump coin was indeed a scam and apparently many people lost their money. This however has nothing to do with any of the serious crypto projects out there, such as Bitcoin, Ethereum, Ripple or Cardano which are planned to be part of the U.S. Crypto Strategic Reserve..",pianoenergy.com,5,1,2,,,,normal
"ğŸ”¥ Reminder:

The White House is hosting a â€œCrypto Summitâ€ this Friday! ğŸ’°

What do you think will come out of it?

Bullish or bearish? ğŸ‘€ğŸ‘‡

#CryptoSummit #Bitcoin #Ethereum #Web3 #ETF #Markets #Trading #Investing #Finance #GM #Blockchain #Crypto #BTC #ETH #CRYPTONEWS #altseason #Airdrops #Giveaway",trader-fazal.bsky.social,1,0,0,,https://cdn.bsky.app/img/feed_fullsize/plain/did:plc:ud2uj6dk6we7de7vxyd7wqs7/bafkreicukitvs5yrha7ihbtgn75i7kky4ddjb3vq27sypg5qdbdih3toga@jpeg,,normal
"Some forms of crypto, like Ethereum, can supposedly be used to actually do things â€” to enable applications or information exchanges or some such. 

But most, like bitcoin, are just a hole to pour your money into. To get back to Wile E.: a fake tunnel painted on a wall.",nathanalderman.bsky.social,1,0,0,,,,normal
"Things are moving very rapidly towards a one-world-order. 

I have always believed that Crypto is the currency of which God speaks in Revelation. DO NOT GET YOUR FOREHEAD OR RIGHT HAND MARKED.

Trump Announces US Crypto Reserve Featuring Bitcoin, Ethereum, and Altcoins

ground.news/article/trum...",preciousshyama2.bsky.social,0,0,0,https://ground.news/article/trump-announces-us-crypto-reserve-featuring-bitcoin-ethereum-and-altcoins?utm_source=mobile-app&utm_medium=newsroom-share,,,normal
"I make abstract NFTs. They're weird. You'll love them. Or question your sanity. Either way, win-win.

#NFT #Abstract #Art #OpenSeaNFT #Crypto #Ethereum #opensea #abstract #Bitcoin #ETH #NFTCommunity #NFTs 

Click here  ğŸ‘‰ t.co/I8kNAczlqz",rage-kitten.bsky.social,2,0,0,https://t.co/I8kNAczlqz,,,normal
ğŸ“‰ #Altcoins at a CRUCIAL moment! TOTAL2 is balancing on a 1.5-year trendline. A breakout or breakdownâ€”whatâ€™s next? ğŸš€ğŸ”¥ #Crypto #Bitcoin #Ethereum,coinomedia.bsky.social,1,0,0,,https://cdn.bsky.app/img/feed_fullsize/plain/did:plc:oii4bhian2aqatqftqokec27/bafkreicnuz4papay5dk6jhkrblvli2lbenp3id66mjwe4a4mp2iaicen4a@jpeg,,normal
"Only 2 days left. Winners will be announced on the 24th! Head over to our official X account and participate.

âœ…500 $USDT
âœ…10 winners will receive 50 $USDT

You can always find link to our latest giveaway at: linqapp.com/0xyomo?r=link

#usdtâ€Œ #SimpleSwapâ€Œ #SimpleswapAmbassadorâ€Œ #giveawayâ€Œ #crypto",0xyomo.bsky.social,0,0,0,https://linqapp.com/0xyomo?r=link,,,scam
"GM fam! ğŸŒ

Itâ€™s Sunday â€” the perfect day to reset, research, and recharge! ğŸ“ˆğŸ’°

ğŸ’¬ Comment | â¤ï¸ Like | ğŸ”„ Retweet

ğŸ”” Follow us | ğŸš€ Letâ€™s grow together!

#ETF #Trading #GM #Crypto #BTC #ETH #altseason #Airdrops #Giveaway #BINANCE #XRP #BITCOIN #cosplay #PAWS",trader-fazal.bsky.social,1,0,0,,,,scam
"ğŸš¨ This is NOT the time to be bearish on #Bitcoin!

Macro data is lining up ğŸ“Š
Momentum is building ğŸ”¥
The charts are speaking loud and clear ğŸ“ˆğŸŸ 

ğŸ’¬ Comment | â¤ï¸ Like | ğŸ”„ Retweet | ğŸ”” Follow us

#Bullish #BitcoinNews #HODL #ETF #Trading #GM #Crypto #BTC #ETH #altseason #Airdrops #Giveaway #BINANCE #XRP",trader-fazal.bsky.social,3,0,0,,https://cdn.bsky.app/img/feed_fullsize/plain/did:plc:ud2uj6dk6we7de7vxyd7wqs7/bafkreihvivguzdlcjzhhgwnn2cffwosrqgrgbfyrusr2nwhqtpcxmbebn4@jpeg,,scam
"ğŸš¨ BULLISH NEWS ğŸš¨

The EU pauses #tariffs on US goods for 90 days and agrees to negotiate a new trade deal!

ğŸ‘‰ End of #tradewar = Bullish for #markets ğŸ“ˆğŸ’¼

#TradeDeal #Bullish #EU #USA #BreakingNews #Finance #ETF #Trading #GM #Crypto #BTC #ETH #altseason #Airdrops #Giveaway  #BINANCE #XRP #BITCOIN",trader-fazal.bsky.social,1,0,0,,https://cdn.bsky.app/img/feed_fullsize/plain/did:plc:ud2uj6dk6we7de7vxyd7wqs7/bafkreifvltv3nkn5d5s53kpotyornuboh5iaqkipxqkwyvd3jqseguk62a@jpeg,,scam
"ğŸš¨ #Crypto Bull Alert! ğŸš¨

The Chinese #Yuan hits an 18-year lowğŸ“‰

Driving capital into #Bitcoin and crypto as a hedge! ğŸ’¸ğŸ›¡ï¸

U.S.-China trade tensions are fueling the surge ğŸ“ˆ

#TradeWar #CryptoNews #DeFi #Altcoins #ETF #Trading #GM #BTC #ETH #altseason #Airdrops #Giveaway #BINANCE #XRP",trader-fazal.bsky.social,0,0,0,,https://cdn.bsky.app/img/feed_fullsize/plain/did:plc:ud2uj6dk6we7de7vxyd7wqs7/bafkreicgj6ga4nbpcw6pjmpyey43edffsjho3nco4kmfmmt3fnr4hjeuuq@jpeg,,scam
"ğŸš¨ #JimCramer just turned bearish on #Bitcoin and the #stockmarket ğŸ“‰

You know what that meansâ€¦

Massive bullish signal activated! ğŸ˜‚ğŸ“ˆ

ğŸ’¬ Comment | ğŸ”” Follow us | ğŸš€ Letâ€™s grow together!

#CryptoNews #Bullish #BuyTheDip #ETF #Trading #GM #Crypto #BTC #ETH #altseason #Airdrops #Giveaway  #BINANCE #XRP",trader-fazal.bsky.social,2,0,0,,https://cdn.bsky.app/img/feed_fullsize/plain/did:plc:ud2uj6dk6we7de7vxyd7wqs7/bafkreihomwj2zg47yumnkhi3hhxqggexztujd3ce56ljkdzcz25pxjy2qm@jpeg,,scam
"Market is pumping ğŸ“ˆ

Call your ex and tell them youâ€™re back in the game ğŸ˜‚ğŸ“

ğŸ’¬ Comment | ğŸ”” Follow us | ğŸš€ Letâ€™s grow together!

#BullRun #CryptoMemes #DeFi #ETF #Trading #GM #Crypto #BTC #ETH #altseason #Airdrops #Giveaway  #BINANCE #XRP #BITCOIN #XRPLedger #fartcoin #trump #CryptoMarket #Ethereum",trader-fazal.bsky.social,1,0,0,,https://cdn.bsky.app/img/feed_fullsize/plain/did:plc:ud2uj6dk6we7de7vxyd7wqs7/bafkreidnjdzymoynxqtdbktz2fdq4wxrqs4c3g2obevm72nbnru6xreage@jpeg,,scam
"ğŸš¨ #Liquidation Alert! ğŸš¨

ğŸ“Š $906.29M has been liquidated from the #cryptomarket in the past 24 hours! ğŸ’¥

Stay updated and trade wisely! ğŸ’¹

#CryptoNews #CryptoTrading #MarketAlert #CryptoCrash #RektSeason #ETF #Trading #GM #Crypto #BTC #ETH #altseason #Airdrops #Giveaway  #BINANCE #XRP #BITCOIN",trader-fazal.bsky.social,3,0,2,,https://cdn.bsky.app/img/feed_fullsize/plain/did:plc:ud2uj6dk6we7de7vxyd7wqs7/bafkreihuj3w73a4p7ga2hyrcum4x3dsybi2muj7epx454tlsj72pqgjbhu@jpeg,,scam
"ğŸš¨ BREAKING ğŸš¨

#India is set to negotiate a new and balanced trade deal with the #US to avoid President Donald Trumpâ€™s #tariffs!

ğŸ’¬ Comment | ğŸ”” Follow us |

#TradeDeal #Trump #MarketNews #Stocks #ETF #Trading #GM #Crypto #BTC #ETH #altseason #Airdrops #Giveaway  #BINANCE #XRP #BITCOIN",trader-fazal.bsky.social,1,0,0,,https://cdn.bsky.app/img/feed_fullsize/plain/did:plc:ud2uj6dk6we7de7vxyd7wqs7/bafkreicloiv3hrb5y3fz2hv3grzmx7f2qclwlz2ydfl2zdy7nh24h3woci@jpeg,,scam
"Crypto Tip:

ğŸ“ˆ This simple strategy could make you a #Bitcoin millionaire!

Buy small, buy consistently.

Let time and patience do the work. â³ğŸš€

#CryptoStrategy #DCA #CryptoInvesting #HODL #ETF #Trading #GM #Crypto #BTC #ETH #altseason #Airdrops #Giveaway  #BINANCE #XRP #BITCOIN",trader-fazal.bsky.social,3,0,0,,https://cdn.bsky.app/img/feed_fullsize/plain/did:plc:ud2uj6dk6we7de7vxyd7wqs7/bafkreidefbmyciz3oqlg3dyazvjayekd75lul4w7bbkvdrli7x2rbecayy@jpeg,,scam
"âš¡ï¸ SAYLOR:
â€œThere are no tariffs on Bitcoin.â€ ğŸ§ ğŸ’°

Itâ€™s freedom money â€” borderless, unstoppable, and untaxed at the gate ğŸŒğŸš€

ğŸ’¬ Comment | ğŸ”” Follow us | ğŸš€ Letâ€™s grow together!

#MichaelSaylor #DigitalGold #Bullish #ETF #Trading #GM #Crypto #BTC #ETH #altseason #Airdrops #Giveaway  #BINANCE #XRP #BITCOIN",trader-fazal.bsky.social,9,6,1,,https://cdn.bsky.app/img/feed_fullsize/plain/did:plc:ud2uj6dk6we7de7vxyd7wqs7/bafkreigfced2ig626vkvkcftv3loaxdcbqz7fus6pziu7bhctdecduupyq@jpeg,,scam
"GM â˜€ï¸ Happy Saturday!

Weekend vibes are back, and #altcoins are rocking their green suits! ğŸŸ¢ğŸ’°

But $PI missed the memoâ€”down -18.1% and dumping hard ğŸ“‰ğŸ˜¬ Ouch!

#ETF #Trading #GM #Crypto #BTC #ETH #altseason #Airdrops #Giveaway  #BINANCE #XRP #BITCOIN",trader-fazal.bsky.social,1,0,0,,https://cdn.bsky.app/img/feed_fullsize/plain/did:plc:ud2uj6dk6we7de7vxyd7wqs7/bafkreidiqiv2kyoolk3qqqyxgczi6ooc5nyywd3hqnbkhuohalgmg6q4di@jpeg,,scam
"ğŸš¨ #Bitcoin vs. Gold & Global Liquidity ğŸš¨

ğŸ“Š History shows BTC follows liquidity... and both #Gold & #GlobalM2 are soaring!

ğŸ’¬ Comment | ğŸ”” Follow us | ğŸš€ Letâ€™s grow together!

#Liquidity #CryptoNews #ETF #Trading #GM #Crypto #BTC #ETH #altseason #Airdrops #Giveaway  #BINANCE #XRP",trader-fazal.bsky.social,6,4,1,,https://cdn.bsky.app/img/feed_fullsize/plain/did:plc:ud2uj6dk6we7de7vxyd7wqs7/bafkreibu4hye3b2t476cazbraxtpe3c4lqf4gfdkdnclctl32hawailawq@jpeg,,scam
"ğŸ“‰ Global markets after Trumpâ€™s tariffs:

Me and my stocks hugging it out like...

""Weâ€™ll get through thisâ€¦ right? RIGHT?!"" ğŸ˜°ğŸ“ŠğŸ’”

ğŸ’¬ Comment | ğŸ”” Follow us | ğŸš€ Letâ€™s Survive together!

#TrumpTariffs #Investing #MarketCrash #ETF #Trading #GM #Crypto #BTC #ETH #Airdrops #Giveaway  #BINANCE #XRP #BITCOIN",trader-fazal.bsky.social,6,5,0,,https://cdn.bsky.app/img/feed_fullsize/plain/did:plc:ud2uj6dk6we7de7vxyd7wqs7/bafkreiberfi62a3ndak3qyyib6db4f7v2aztoihajkvmd3hfivltwwgtiu@jpeg,,scam
"ğŸš¨ GM or RM, fam!

The #market is bleeding today, and it's looking like a red morning ğŸ”´ğŸ“‰.

Stay cautious and watch those dips!

ğŸ’¬ Comment | ğŸ”” Follow us | ğŸš€ Letâ€™s grow together!

#Altcoins #CryptoMarket #ETF #Trading #GM #Crypto #BTC #ETH #altseason #Airdrops #Giveaway  #BINANCE #XRP #BITCOIN",trader-fazal.bsky.social,6,4,0,,https://cdn.bsky.app/img/feed_fullsize/plain/did:plc:ud2uj6dk6we7de7vxyd7wqs7/bafkreibzrc3hzkw2cl2rh7jg4mqomqw7njqbs3n556nk5rj3qp67lror2a@jpeg,,scam
"ğŸš€ NEW:

#PumpSwap is on FIRE! ğŸš€

The new DEX from Pump.fun has hit $10B in trading volume and raked in $20M in feesâ€”all in just 10 days! ğŸ”¥ğŸ’°

ğŸ’¬ Comment | ğŸ”” Follow us 

#ETF #Trading #GM #Crypto #BTC #ETH #altseason #Airdrops #Giveaway  #BINANCE #XRP #BITCOIN #DeFi #DEX #Altcoins #CryptoTrading",trader-fazal.bsky.social,6,4,0,https://Pump.fun,https://cdn.bsky.app/img/feed_fullsize/plain/did:plc:ud2uj6dk6we7de7vxyd7wqs7/bafkreib6ivbgqoumubrl2i5ootmxjeitnt77232mgyybwukoyogrlhjg4q@jpeg,,scam
" WTF JUST HAPPENED?! ğŸš¨

Elon Musk showed up at his #Wisconsin rally wearing a cheese hat ğŸ§€ğŸ˜‚â€¦ and boom!

#CHEESEMAGA token skyrocketed 4,330% in just 4 hours! ğŸš€ğŸ”¥

ğŸ’¬ Comment | ğŸ”” Follow us 

#ElonMusk #MemeCoin #ETF #Trading #GM #Crypto #BTC #ETH #altseason #Airdrops #Giveaway  #BINANCE #XRP #BITCOIN",trader-fazal.bsky.social,6,4,0,,https://cdn.bsky.app/img/feed_fullsize/plain/did:plc:ud2uj6dk6we7de7vxyd7wqs7/bafkreih5ahgben5agcyw4lftj77f6m322zg5nfojmnpwnq3g3htcuyvphe@jpeg,,scam
"Men only want 1 thing...

AND THAT IS ..... ! ğŸš€ğŸ”¥

ğŸ’¬ Comment | â¤ï¸ Like | ğŸ”„ Retweet

ğŸ”” Follow us | ğŸš€ Letâ€™s grow together!

#BullRun #ETF #Trading #GM #Crypto #BTC #ETH #altseason #Airdrops #Giveaway  #BINANCE #XRP #BITCOIN",trader-fazal.bsky.social,6,4,0,,https://cdn.bsky.app/img/feed_fullsize/plain/did:plc:ud2uj6dk6we7de7vxyd7wqs7/bafkreigkumvr7xb3d3fhkt5diz2y4gtdlwn4muj732s7jagpjyjoclijdi@jpeg,,scam
"ğŸš€ Michael Saylor posts the Saylor #Bitcoin tracker... and guess what?

ğŸ“ˆ #MicroStrategy always buys more $BTC the day after posting!

ğŸ’¬ Comment | â¤ï¸ Like | ğŸ”„ Retweet

#Strategy #BullRun #ETF #Trading #GM #Crypto #BTC #ETH #altseason #Airdrops #Giveaway  #BINANCE #XRP #BITCOIN",trader-fazal.bsky.social,1,0,0,,https://cdn.bsky.app/img/feed_fullsize/plain/did:plc:ud2uj6dk6we7de7vxyd7wqs7/bafkreigalmq4nnviny5bjk5gqflfuaafupeftdujrkivj6kkd7x2uqxcae@jpeg,,scam
"ğŸ’¥ WE'RE SO BACK!

ğŸš¨ Someone just BOUGHT 1.8M $SOL(223M) and IMMEDIATELY STAKED THEM! ğŸ’ğŸ™Œ

ğŸ’¬ Comment | â¤ï¸ Like | ğŸ”„ Retweet

ğŸ”” Follow us | ğŸš€ Letâ€™s grow together!

#Solana #WhaleAlert #ETF #Trading #GM #Crypto #BTC #ETH #altseason #Airdrops #Giveaway  #BINANCE #XRP #BITCOIN",trader-fazal.bsky.social,4,4,0,,https://cdn.bsky.app/img/feed_fullsize/plain/did:plc:ud2uj6dk6we7de7vxyd7wqs7/bafkreigla2r5md3d4khwjp56atvuwjjpllu33xfn2osw4l3hhw3wgq32ua@jpeg,,scam
"I get 100â€™s of these a day
The most I was offered was $30,000
To promote crypto projects

I ALWAYS reject & block

I take no sponsorship other than my members/Lucasades for $99 who just simply like to support the show/gain perks
NEVER A SCAM PROMO

If it benefits YOU and they are members we can talk",martyn-lucas.bsky.social,1,0,0,,"https://cdn.bsky.app/img/feed_fullsize/plain/did:plc:2elvygwfwp4ri3dgwvv3ggqx/bafkreifv23mlhorrikiydmoeyo3c7g6wf2wmtenym2y5okluprt55gp34q@jpeg, https://cdn.bsky.app/img/feed_fullsize/plain/did:plc:2elvygwfwp4ri3dgwvv3ggqx/bafkreiemnpl2r4z4ikl2sxumuzkejgxaipowpuftyss62yo7twpcm7u32y@jpeg, https://cdn.bsky.app/img/feed_fullsize/plain/did:plc:2elvygwfwp4ri3dgwvv3ggqx/bafkreibv74jjml2krh4k2ucrkascsct5jprcl7n2ldtn6azhhoerb52mca@jpeg, https://cdn.bsky.app/img/feed_fullsize/plain/did:plc:2elvygwfwp4ri3dgwvv3ggqx/bafkreie5xvmx55xbysuhhyhfdtutjh5je3l5av7mj565vojmf4u4raorzu@jpeg",,scam
"Emma Savage and partner Kirt get scared and speedrun their DAO1 promo zoom session, presentation and questions done in 25 minutes!

Also, why am I anonymous?  Because none of the DAO1 cowards are willing to have an honest conversation!

#DAO1 #apertum #APTM #crypto #scam",spookychicken.bsky.social,1,0,0,,,,scam
"The revolution will not be algorithmically fed to you, it has to be organic. There's a shitty sellout version of me in another timeline that is TikTok famous and making bank doing paid promo for Monster Energy crypto or some shit thank fuck that's not real",e6n.lol,0,0,1,,,,scam
"Coinbase promo codes offer users discounts or bonus crypto rewards when signing up or making transactions, providing an incentive to join and engage with the platformâ€™s services.
bityup.com/coinbase-pro...",bityup1.bsky.social,0,0,0,https://bityup.com/coinbase-promo-code/#google_vignette,,,scam
"CoinEx doesnâ€™t slow down ğŸ¤—

#FreeDogs mining ends in 15hâ€¦ and thereâ€™s ANOTHER one right around the corner ğŸšªğŸ”¥

In 18h the Launchpool for $SWCH goes live

Join here & grab your welcome bonuses â¡ï¸ referral link bit.ly/hsh_coinex ğŸğŸ§²

x.com/marekporwol/...

#coinex #crypto #promo #airdrop #mining #SWCH",marekporwol.bsky.social,2,0,0,"http://bit.ly/hsh_coinex, https://x.com/marekporwol/status/1912570933102989594?s=46&t=Bp5Mn_3lfRYbMPxB_Tyz-A",https://cdn.bsky.app/img/feed_fullsize/plain/did:plc:d6p3jz5pdbkimlrtv5qgj3tx/bafkreibvskrppg3aohht52hs3i2har3e2uaapsscmpcsle4e3fjeipfhi4@jpeg,,scam
"Bybit denies $1.4M listing fee, school promo accusations on X

Bybit, a cryptocurrency exchange, refutes allegations of a $1.4 million token listing fee levied against projects.  A social media user accused Bybit of this exorbitant fee and of silencing student complaints regarâ€¦

#bybit #crypto #news",crypto.at.thenote.app,1,0,0,,,,scam
"Ok Venmo, knock it off with the promo notifications. When I see Venmo on my Lock Screen I think â€œooohhh money!â€ and Iâ€™m constantly let down by crypto bullshit",videogames.lol,0,0,0,,,,scam
CAMBODIA: Setback for Yu Lingxiongâ€™s latest grift. recent promo videos for his crypto coin/exchange showed offices in Morgan Tower. Morgan issued notice stating that Tantin Exchange is unlicensed and its lease has been terminated and power cut off.,cyberscammonitor.bsky.social,0,0,1,,"https://cdn.bsky.app/img/feed_fullsize/plain/did:plc:7q66hlowwbeo7zz4ycmo76l7/bafkreiaefwelojsn4eooaqlbrn3aee4rjippxlpc7uiybkkmm5ah6otfmm@jpeg, https://cdn.bsky.app/img/feed_fullsize/plain/did:plc:7q66hlowwbeo7zz4ycmo76l7/bafkreig4g45pe7g3frun4lkel4kye4atnu76yf74xzitdra4jyoejeuafi@jpeg, https://cdn.bsky.app/img/feed_fullsize/plain/did:plc:7q66hlowwbeo7zz4ycmo76l7/bafkreibamlrqg5xavc4wodn6yw5jr37gii5vvvjmykdznyy4oqyvswzrz4@jpeg, https://cdn.bsky.app/img/feed_fullsize/plain/did:plc:7q66hlowwbeo7zz4ycmo76l7/bafkreiayheb3o4kgefqusbo67hegopmb4anditjwaenydnqutzaskslptq@jpeg",,scam
Telegram has ads now and they suck,gussquawks.bsky.social,16,1,5,,"https://cdn.bsky.app/img/feed_fullsize/plain/did:plc:bw7kw5qs64ycy3a5i7hdcsz2/bafkreihlkdywbi5tbsg25b2sxqyzb22sl7isbbamozq3kthxeihy57hh2m@jpeg, https://cdn.bsky.app/img/feed_fullsize/plain/did:plc:bw7kw5qs64ycy3a5i7hdcsz2/bafkreigb64ddn5kqw34d5xqdp4shjmdvi5ojfz3nfcrm7k34ka2vhkofee@jpeg",,scam
"ğŸ§µğŸ¨ #LsAssistantWork 

Hey there! Artists n everyone in between~ Do you find lineart or base coloring tedious? Or do you just need another set of hands? ğŸ’ªğŸ»

Worry not! For L is here to help you with your projects~ ğŸ¥³âœ¨ğŸ’

High quality and affordable ğŸ’–

#ArtAssistant #Artist #Colorist #Lineartist #Art",wingedhares.bsky.social,21,12,2,,https://cdn.bsky.app/img/feed_fullsize/plain/did:plc:uusejia2infpi3x6zp6iomsq/bafkreihjvq26d7qrk2vcixtn2kvaxeoebpfsfuz2jnf7nyq264nr4xsoyq@jpeg,,scam
"BitBlockBoom is ONE MONTH away!

Escape the crypto noise and come hang out with Bitcoiners.  

Use promo code FOMO for 10% OFF tickets. 

bitblockboom.com/bbb/

Thereâ€™s no place like Texas! ğŸ¤  ğŸŒ ğŸ–",neiljacobs.bsky.social,0,0,0,https://bitblockboom.com/bbb/,https://cdn.bsky.app/img/feed_fullsize/plain/did:plc:fv6tk7grenbtiupmwvzvbjnk/bafkreiejk2lncthqdnbpkrxlnl3j52w7w5xim73kymvkft64kjbsu53co4@jpeg,,scam
"(Looking at camera) Today we're looking through the bag of an MTG player. Let's see...
Pen, old. Lifepad, almost used up... Oh, this is an original Limited Resources deckbox! From before the crypto stuff! And inside... A decade-old GP promo, which probably means, if we look here... Yup, estradiol.",lobster667.bsky.social,1,0,1,,,,scam
"ğŸ’¸ Important deets to remember, darlings:  
âœ¨ This promo is only for new Club subscriptions, not rebills or existing Premium Members.  
âœ¨ You must purchase with a credit card or MV Wallet (no crypto or TrustPay).  
âœ¨ Club subscriptions must be between $1.99 and $29.99.",scarlettfoxett.bsky.social,2,0,1,,,,scam
"Coinbase promo codes offer users discounts or bonus crypto rewards when signing up or making transactions, providing an incentive to join and engage with the platformâ€™s services.
bityup.com/coinbase-pro...",bityup1.bsky.social,0,0,0,https://bityup.com/coinbase-promo-code/#google_vignette,,,scam
"Stop jumping straight into crypto/xtb or whatever, you can get big change with a little work starting from promo saving accounts, bonds and stock indexes.",gregorylakewood.bsky.social,0,0,0,,,,scam
"I think he just allowed crypto to prop up Tesla, or inflate it somehow, like itâ€™s all tied up in it and hollow- like he has 10 kids. 4 wives, a bunch of worthless companies and no cash.
House of cards, I guess.
I think he gave away a ton of the swastitrucks for maga-crypto promo.",crysxx.bsky.social,3,0,0,,,,scam
jokes on you my twitter account got hacked and turned into a crypto promo account and they wont give it back to me so here i am,cuntellectual.bsky.social,2,0,1,,,,scam
but u are posting here and not there! my account with my full government name got hacked and they wouldnt let me recover it and now its a crypto promo account ğŸ¥²,cuntellectual.bsky.social,1,0,2,,,,scam
What a funny post! Time to share it on my page and hope it doesn't get sold to the highest bidder to promo crypto or jk r*wling or wish death upon all <insert marginalised group here>! Because I sure as hell won't be going to check it doesn't get edited!,serhawke.bsky.social,4,0,0,,,,scam
USE THIS POST TO COMMENT/QUOTE PROMO UR ART ACCOUNT!! MAKE NEW FRIENDS + FIND NEW ARTISTS TO STAN!!!,maggotleash.bsky.social,3,1,0,,"https://cdn.bsky.app/img/feed_fullsize/plain/did:plc:3vsgqn2idcnhb3tlnqeg7fei/bafkreiclyk7l3ojbkhe3r267ivsnikeqh5gxufxpcmscmb36eilennbu2y@jpeg, https://cdn.bsky.app/img/feed_fullsize/plain/did:plc:3vsgqn2idcnhb3tlnqeg7fei/bafkreifaycnye5n7qagcdmlvar4gs3ilukme2f5d3ya7tzvkrhqd6gggju@jpeg",,scam
Rice Robotics launches Floki-themed AI robot and RICE token airdrop - published 29 Apr 2025 #Tech #crypto #Technology #Partnership #AI,crypto-news-en.bsky.social,0,0,0,,,,normal
"Grow your Web3 Discord like a pro! Engagerly lets you reward chats, invites, and tasks with crypto pointsâ€”drive airdrop hype! Try now: https://engagerly.bot  ğŸš€ #Web3Community #Engagerly",engagerly.bot,0,0,0,,,,scam
"Stage 2 rewards:

â­ 70% MORE rewards (170M tokens) vs Stage-1 (100M tokens)!

Current $GRASS value: $1.80 

All-time high: $3.95

Join the most promising DePIN project and make it HUGE!

#Crypto #Airdrop #DePIN #PassiveIncome #Grass #Web3 #EarnCrypto #InternetSharing",earn4sure.bsky.social,0,0,0,,,,scam
"#Avalanche has launched a Retro9000 campaign with $40M in #rewards! Raised: $ 577.70M !

Participate in #voting and farming points. 
For points we will get grants, developer points and a potential #airdrop.

retro9000.avax.network?referral=feb...

#crypto #referral",etherealcrypto.bsky.social,0,0,0,https://retro9000.avax.network?referral=feb12d57,,,scam
"a16z Crypto: Web3 airdrops need a revamp! Less short-term gains, more long-term community building. Think vesting, governance, and loyalty instead of just attracting ""airdrop hunters."" #web3 #crypto #airdrops

#blockchain #news ",cryptonews-poster.bsky.social,1,0,0,,,,normal
"ğŸš¨ 4 MILLION DOLO up for grabs! ğŸš¨

1ï¸âƒ£ Stake #DOLO #MNT or #USDT ğŸ’°
2ï¸âƒ£ Earn $DOLO from April 24â€“May 1 ğŸª‚
3ï¸âƒ£ Use crypto loans to stake more ğŸ’¸

ğŸ”—Learn more: cexfinder.com/bybit-dolomi...

ğŸ‘‰ Jump into Bybit #Launchpool now and make your crypto hustle for you! #Airdrop #CryptoAirdrop #Dolomite",cexfinder.bsky.social,0,0,0,https://cexfinder.com/bybit-dolomite-launchpool/,,,scam
"ğŸ“‰ Truth bomb: Most new crypto launches are dumping hard post-airdrop. Only Walrus bucked the trend last month. Donâ€™t chase hypeâ€”diversify across smaller positions, stay nimble, and use low leverage if any. Survive the churn, and youâ€™ll catch the real winners.

#CryptoStrategy #RiskManagement",fullvaluedan.bsky.social,0,0,0,,,,scam
"Polygon Starts Aggregator Program, Successful Projects Will Airdrop Up to 15% Native Token to POL Stakers

Successful â€œgraduatesâ€ will send up to 15% of native token supply to POL stakers and connect to the Agglayer network.

#airdrop #crypto #matic",crypto.at.thenote.app,0,0,0,,,,scam
"Dolomite Opens Airdrop Claim

According to official sources, the Dolomite money market and margin trading protocol has announced the opening of its airdrop claim process.

#crypto #blockchain #news ",cryptonews-poster.bsky.social,1,0,0,,,,normal
"Binance Wallet completed the DOLO token airdrop. Some users are having trouble selling DOLO, and the team is investigating for a quick fix. #DOLO #BinanceWallet

#crypto #blockchain #news ",cryptonews-poster.bsky.social,1,0,0,,,,normal
"Initia Mainnet Launches with Airdrop Claim Now Open

Initia has announced the launch of its mainnet and the opening of its airdrop claim process.

The airdrop claim period will be open for 30 days, concluding on May 24, 2025, at 18:00 Beijing time.

#crypto #blockchain #news ",cryptonews-poster.bsky.social,1,0,0,,,,normal
"Crypto Airdrops Powerful Tool for User Acquisition, Study Finds

A MEXC study reveals that airdrops drive over a third of new user registrations, surpassing referrals and organic sign-ups. The Commonwealth of Independent States region leads in airdrop participation, followedâ€¦

#airdrop #crypto #news",crypto.at.thenote.app,0,0,0,,,,scam
"#KMNO: I'm an holder and a staker so I didn't add because I'm expecting another airdrop sooner or later but I suggest anyone looking for an #altcoin with great potential to check this. Follow me for more signal! #crypto #SolanaGems #solana 
www.tradingview.com/chart/KMNOUS...",shotokhan.bsky.social,1,0,0,https://www.tradingview.com/chart/KMNOUSDT/DOTluZIh-Time-to-buy-KMNO/,,,scam
"âš¡ï¸ HAKIFI BOLTBOX EVENT IS NOW LIVE âš¡ï¸
Mint and unlock some serious rewards.

ğŸ”— hakifi.xyz/dapp/nft?joi...

ğŸ¯ Mission-based madness â€“ complete quests, crack open Boltboxes, and claim your loot.
â¯ï¸ The more you play, the higher your shot at ultra-rares

#monad #monad_testnet_mon #Airdrop #Crypto",juissynft.bsky.social,0,0,0,https://hakifi.xyz/dapp/nft?join=57BPUFKG,https://cdn.bsky.app/img/feed_fullsize/plain/did:plc:hqlf55zbonta7mld4if4x6j7/bafkreifbjoym2vbqvscr43bipso44lls3ke6j4yhgrfgvonfrypxvu32xa@jpeg,,scam
"ğŸ¤– #airdrop #mining
Dolomite will distribute 20% of DOLO tokens via airdrop: 9% to platform users, 1% to community members, and 10% through the Minerals program

#crypto #blockchain #news",cryptovka-feed.bsky.social,1,0,0,,,,scam
"Dolomite's DOLO token airdrop is coming April 24th! 20% of the supply will be airdropped, with 9% to platform users, 1% to community contributors, and 10% via the Minerals program (USDC, ETH, WBTC). Snapshot taken Jan 6th. Unclaimed rewards revert to DAO after 6 months.

#crypto #blockchain #news ",cryptonews-poster.bsky.social,1,0,0,,,,normal
"SkyAI, a project building an AI ecosystem on the MCP platform, has announced the completion of its SKYAI token airdrop and presale refunds. The project has also locked liquidity and burned 100% of its LP tokens.

#crypto #blockchain #news ",cryptonews-poster.bsky.social,1,0,0,,,,normal
"Missed an important crypto event? ğŸ—“ï¸

rotki's smart in-app calendar to the rescue ğŸ¦ğŸ¤–

By analyzing your history, it automatically creates entries and reminders for crucial dates like airdrop claims.

Stay organized, don't leave money on the table! Use rotki and support us: rotki.com/download",lefterisjp.bsky.social,0,0,0,https://rotki.com/download,https://cdn.bsky.app/img/feed_fullsize/plain/did:plc:zeebo6arv4yjgiiuz5f3f2jz/bafkreid2k42holvoi3pco25t5dgqrigeyfxukhpbpy47h7e6leqa4njw44@jpeg,,scam
"ğŸŒŸ The future of crypto is early access.
Join the Early Access Network www.early-access.net/ today and discover high-potential crypto presales.
ğŸ’¥ Get ahead of the market and watch your investment grow.
#BTC #Crypto #Airdrop #XRP #investing",victoriakostina.bsky.social,1,0,0,,,,scam
"ğŸŒŸ The future of crypto is early access.
Join the Early Access Network www.early-access.net/ today and discover high-potential crypto presales.
ğŸ’¥ Get ahead of the market and watch your investment grow.
#BTC #crypto #Airdrop #XRP #investing",axelwatkinson.bsky.social,2,0,2,,,,scam
